<?xml version="1.0" encoding="UTF-8"?>
<project-private xmlns="http://www.netbeans.org/ns/project-private/1">
    <editor-bookmarks xmlns="http://www.netbeans.org/ns/editor-bookmarks/2" lastBookmarkId="0"/>
    <open-files xmlns="http://www.netbeans.org/ns/projectui-open-files/2">
        <group>
            <file>file:/C:/Users/Kili/Documents/NetBeansProjects/Evaluacion_parcial_3_PGY2121_forma_A/src/controlador/DBConnect.java</file>
            <file>file:/C:/Users/Kili/Documents/NetBeansProjects/Evaluacion_parcial_3_PGY2121_forma_A/src/vista/Main.java</file>
        </group>
    </open-files>
</project-private>
